filename,width,height,class,xmin,ymin,xmax,ymax
IMG_0122JPG.jpg,2256,3024,card,592,711,1195,1554
IMG_0122JPG.jpg,2256,3024,card,1304,1305,1968,2205
IMG_0122JPG.jpg,2256,3024,card,435,1639,1032,2560
IMG_0527JPG.jpg,2256,3024,card,501,1290,1480,2596
IMG_0527JPG.jpg,2256,3024,card,217,1,1047,960
IMG_0496JPG.jpg,1504,2016,card,255,486,1077,1478
IMG_0373JPG.jpg,2256,3024,card,71,805,1041,1960
IMG_0373JPG.jpg,2256,3024,card,1668,963,2256,1994
IMG_0606JPG.jpg,3024,2268,card,820,988,1822,2031
IMG_0606JPG.jpg,3024,2268,card,647,306,1245,858
IMG_0606JPG.jpg,3024,2268,card,2083,261,2822,945
IMG_0561JPG.jpg,2256,3024,card,632,845,1283,1505
IMG_0561JPG.jpg,2256,3024,card,353,1693,1068,2584
IMG_0561JPG.jpg,2256,3024,card,1141,2117,1875,3024
IMG_0561JPG.jpg,2256,3024,card,1514,1160,1983,1823
IMG_0561JPG.jpg,2256,3024,card,1350,396,1807,905
IMG_0561JPG.jpg,2256,3024,card,1420,5,1847,305
IMG_0561JPG.jpg,2256,3024,card,2007,172,2256,606
IMG_0561JPG.jpg,2256,3024,card,1926,748,2256,1280
IMG_0593JPG.jpg,2256,3024,card,707,833,1862,2442
IMG_0326JPG.jpg,3024,2256,card,1140,473,2006,1364
IMG_0326JPG.jpg,3024,2256,card,1211,1150,2113,2009
IMG_0326JPG.jpg,3024,2256,card,2361,109,3024,900
IMG_0326JPG.jpg,3024,2256,card,2461,1370,3024,2170
IMG_0582JPG.jpg,2256,3024,card,250,423,820,1136
IMG_0582JPG.jpg,2256,3024,card,477,1414,1159,2336
IMG_0582JPG.jpg,2256,3024,card,1280,1190,2026,2072
IMG_0582JPG.jpg,2256,3024,card,1020,5,1729,693
IMG_0406JPG.jpg,2256,3024,card,274,820,1335,2348
IMG_0376JPG.jpg,2256,3024,card,553,1302,1710,2884
IMG_0327JPG.jpg,3024,2256,card,618,795,1386,1423
IMG_0327JPG.jpg,3024,2256,card,1838,614,2379,1273
IMG_0327JPG.jpg,3024,2256,card,1693,16,2268,570
IMG_0327JPG.jpg,3024,2256,card,754,2,1436,361
IMG_0327JPG.jpg,3024,2256,card,2358,89,2938,618
IMG_0327JPG.jpg,3024,2256,card,2393,1607,3013,2132
IMG_0327JPG.jpg,3024,2256,card,1024,1389,1799,2084
IMG_0396JPG.jpg,2256,3024,card,498,1051,1307,2223
IMG_0140JPG.jpg,2256,3024,card,56,869,965,1763
IMG_0140JPG.jpg,2256,3024,card,962,742,1680,1614
IMG_0140JPG.jpg,2256,3024,card,907,1908,1789,2799
IMG_0355JPG.jpg,2256,3024,card,623,323,1138,1057
IMG_0355JPG.jpg,2256,3024,card,1514,857,2226,1696
IMG_0355JPG.jpg,2256,3024,card,995,1439,1729,2281
IMG_0355JPG.jpg,2256,3024,card,277,1381,829,2148
IMG_0355JPG.jpg,2256,3024,card,504,2069,1326,2939
IMG_0576JPG.jpg,2256,3024,card,892,651,1559,1554
IMG_0576JPG.jpg,2256,3024,card,844,2290,1836,3024
IMG_0348JPG.jpg,3024,2256,card,945,764,1872,1566
IMG_0348JPG.jpg,3024,2256,card,2022,1605,2793,2248
IMG_0348JPG.jpg,3024,2256,card,661,1716,1507,2256
IMG_0381JPG.jpg,2256,3024,card,674,490,1383,1514
IMG_0381JPG.jpg,2256,3024,card,1,1699,777,2711
IMG_0526JPG.jpg,1504,2016,card,17,466,1045,1664
IMG_0104JPG.jpg,3024,2256,card,756,332,2079,1202
IMG_0104JPG.jpg,3024,2256,card,511,1045,1881,1995
IMG_0479JPG.jpg,2256,3024,card,892,745,1686,1693
IMG_0479JPG.jpg,2256,3024,card,841,2011,1568,2917
IMG_0479JPG.jpg,2256,3024,card,1,954,568,1811
IMG_0567JPG.jpg,2256,3024,card,747,808,1483,1617
IMG_0567JPG.jpg,2256,3024,card,198,1808,1204,2890
IMG_0567JPG.jpg,2256,3024,card,1723,393,2244,1048
IMG_0567JPG.jpg,2256,3024,card,910,20,1623,596
IMG_0567JPG.jpg,2256,3024,card,1474,2311,2256,3005
IMG_0578JPG.jpg,2256,3024,card,420,1496,898,2039
IMG_0578JPG.jpg,2256,3024,card,1371,1536,1792,2078
IMG_0578JPG.jpg,2256,3024,card,444,2405,985,3024
IMG_0578JPG.jpg,2256,3024,card,1220,2502,1788,3024
IMG_0578JPG.jpg,2256,3024,card,1771,999,2256,1466
IMG_0578JPG.jpg,2256,3024,card,1165,942,1623,1408
IMG_0578JPG.jpg,2256,3024,card,538,893,974,1333
IMG_0578JPG.jpg,2256,3024,card,1,857,380,1281
IMG_0578JPG.jpg,2256,3024,card,135,408,459,733
IMG_0578JPG.jpg,2256,3024,card,853,442,1135,790
IMG_0578JPG.jpg,2256,3024,card,1556,451,1898,778
IMG_0578JPG.jpg,2256,3024,card,1023,54,1350,366
IMG_0578JPG.jpg,2256,3024,card,598,33,910,336
IMG_0578JPG.jpg,2256,3024,card,159,11,517,299
IMG_0578JPG.jpg,2256,3024,card,1677,1,2041,302
IMG_0096JPG.jpg,2256,3024,card,635,990,1574,2284
IMG_0617JPG.jpg,3024,2256,card,1393,457,2395,1032
IMG_0617JPG.jpg,3024,2256,card,1708,1468,2969,2256
IMG_0617JPG.jpg,3024,2256,card,1,914,697,1666
IMG_0439JPG.jpg,2256,3024,card,1,1427,756,2333
IMG_0439JPG.jpg,2256,3024,card,1068,1054,1717,1930
IMG_0439JPG.jpg,2256,3024,card,461,1,1010,466
IMG_0154JPG.jpg,2256,3024,card,177,463,771,1302
IMG_0154JPG.jpg,2256,3024,card,753,1233,1335,2023
IMG_0154JPG.jpg,2256,3024,card,1,1707,710,2651
IMG_0154JPG.jpg,2256,3024,card,1317,1696,2126,2572
IMG_0154JPG.jpg,2256,3024,card,1517,617,2104,1390
IMG_0594JPG.jpg,1504,2016,card,785,518,1303,1236
IMG_0594JPG.jpg,1504,2016,card,491,1556,1076,2016
IMG_0114JPG.jpg,1504,2016,card,187,188,875,1146
IMG_0114JPG.jpg,1504,2016,card,815,1146,1261,1840
IMG_0528JPG.jpg,1504,2016,card,461,390,897,890
IMG_0528JPG.jpg,1504,2016,card,745,954,1273,1584
IMG_0528JPG.jpg,1504,2016,card,967,2,1477,432
IMG_0528JPG.jpg,1504,2016,card,3,1640,405,2016
IMG_0528JPG.jpg,1504,2016,card,87,74,489,472
IMG_0539JPG.jpg,2256,3024,card,1,873,944,2278
IMG_0539JPG.jpg,2256,3024,card,1765,281,2256,1721
IMG_0497JPG.jpg,2256,3024,card,453,848,1901,2284
IMG_0168JPG.jpg,2256,3024,card,644,1027,1829,2514
IMG_0623JPG.jpg,2256,3024,card,265,1042,823,2005
IMG_0623JPG.jpg,2256,3024,card,1117,505,1998,1699
IMG_0623JPG.jpg,2256,3024,card,489,1,1038,693
IMG_0585JPG.jpg,2256,3024,card,577,345,1256,1257
IMG_0585JPG.jpg,2256,3024,card,1141,1602,1904,2672
IMG_0585JPG.jpg,2256,3024,card,1,2045,801,3023
IMG_0585JPG.jpg,2256,3024,card,1623,57,2256,1037
IMG_0470JPG.jpg,2268,3024,card,453,663,1156,1687
IMG_0470JPG.jpg,2268,3024,card,1471,1784,2268,2749
IMG_0470JPG.jpg,2268,3024,card,7,2381,783,3024
IMG_0338JPG.jpg,3024,2256,card,1411,570,2061,1148
IMG_0338JPG.jpg,3024,2256,card,18,866,852,1691
IMG_0338JPG.jpg,3024,2256,card,1024,1645,1713,2230
IMG_0338JPG.jpg,3024,2256,card,1693,1825,2268,2256
IMG_0338JPG.jpg,3024,2256,card,2197,1623,2736,2252
IMG_0338JPG.jpg,3024,2256,card,2533,1084,2954,1695
IMG_0338JPG.jpg,3024,2256,card,1829,5,2402,539
IMG_0158JPG.jpg,2256,3024,card,1344,817,1977,1742
IMG_0158JPG.jpg,2256,3024,card,71,1499,789,2642
IMG_0138.JPG,3024,4032,card,1110,1636,2198,3228
IMG_0577JPG.jpg,2256,3024,card,807,1048,1410,1651
IMG_0577JPG.jpg,2256,3024,card,223,1799,810,2563
IMG_0577JPG.jpg,2256,3024,card,1235,1787,1774,2533
IMG_0577JPG.jpg,2256,3024,card,1777,1036,2241,1642
IMG_0577JPG.jpg,2256,3024,card,1465,263,1868,723
IMG_0577JPG.jpg,2256,3024,card,7,978,635,1611
IMG_0577JPG.jpg,2256,3024,card,589,323,977,754
IMG_0459JPG.jpg,2268,3024,card,520,527,1729,2227
IMG_0118JPG.jpg,2256,3024,card,477,1008,1441,2345
IMG_0409JPG.jpg,2256,3024,card,4,1030,898,2687
IMG_0409JPG.jpg,2256,3024,card,1389,1251,2253,3002
IMG_0316JPG.jpg,3024,2256,card,70,830,1186,1561
IMG_0316JPG.jpg,3024,2256,card,1518,766,2458,1536
IMG_0422JPG.jpg,2256,3024,card,538,1230,1410,2439
IMG_0166JPG.jpg,2256,3024,card,453,827,1841,2902
IMG_0304JPG.jpg,2256,3024,card,380,1899,1029,2875
IMG_0304JPG.jpg,2256,3024,card,1074,845,1662,1678
IMG_0304JPG.jpg,2256,3024,card,458,1,1065,566
IMG_0472JPG.jpg,2268,3024,card,938,20,2268,1605
IMG_0102JPG.jpg,3024,2256,card,143,498,1749,1600
IMG_0433JPG.jpg,2256,3024,card,114,1172,950,2342
IMG_0480JPG.jpg,2256,3024,card,1117,745,1586,1357
IMG_0480JPG.jpg,2256,3024,card,553,1569,995,2254
IMG_0480JPG.jpg,2256,3024,card,1583,1805,2092,2587
IMG_0480JPG.jpg,2256,3024,card,1,1970,280,2693
IMG_0480JPG.jpg,2256,3024,card,1,1020,253,1557
IMG_0335JPG.jpg,3024,2256,card,831,352,1588,1014
IMG_0335JPG.jpg,3024,2256,card,1674,982,2231,1686
IMG_0335JPG.jpg,3024,2256,card,1181,1652,1896,2256
IMG_0335JPG.jpg,3024,2256,card,13,1573,887,2256
IMG_0335JPG.jpg,3024,2256,card,1718,9,2331,509
IMG_0335JPG.jpg,3024,2256,card,2508,1389,3020,2030
IMG_0335JPG.jpg,3024,2256,card,2536,516,2997,925
IMG_0341JPG.jpg,3024,2256,card,1120,1041,1781,1761
IMG_0341JPG.jpg,3024,2256,card,1,943,790,1668
IMG_0341JPG.jpg,3024,2256,card,1338,198,2143,982
IMG_0341JPG.jpg,3024,2256,card,2108,141,2677,950
IMG_0341JPG.jpg,3024,2256,card,1836,1405,2415,2023
IMG_0341JPG.jpg,3024,2256,card,2404,1307,2927,1895
IMG_0435JPG.jpg,2256,3024,card,977,236,1604,1208
IMG_0435JPG.jpg,2256,3024,card,595,1572,1277,2508
IMG_0435JPG.jpg,2256,3024,card,1689,1827,2256,2774
IMG_0153JPG.jpg,2256,3024,card,598,430,1517,1627
IMG_0153JPG.jpg,2256,3024,card,1014,1717,1983,2942
IMG_0377JPG.jpg,2256,3024,card,59,1205,1023,2614
IMG_0119JPG.jpg,1504,2016,card,371,890,941,1700
IMG_0443JPG.jpg,2256,3024,card,847,1517,1586,2675
IMG_0443JPG.jpg,2256,3024,card,109,1,1250,866
IMG_0545JPG.jpg,2256,3024,card,841,1342,1432,2239
IMG_0545JPG.jpg,2256,3024,card,150,396,759,1105
IMG_0545JPG.jpg,2256,3024,card,1220,302,1847,1039
IMG_0382JPG.jpg,2256,3024,card,1171,902,1959,1869
IMG_0382JPG.jpg,2256,3024,card,971,2217,1844,2893
IMG_0382JPG.jpg,2256,3024,card,1,1183,638,2087
IMG_0447JPG.jpg,1504,2016,card,269,788,781,1488
IMG_0570JPG.jpg,2256,3024,card,329,427,1001,1230
IMG_0570JPG.jpg,2256,3024,card,1377,339,1926,1033
IMG_0570JPG.jpg,2256,3024,card,1035,1345,1726,2239
IMG_0187JPG.jpg,1504,2016,card,613,962,1015,1526
IMG_0187JPG.jpg,1504,2016,card,501,98,909,706
IMG_0187JPG.jpg,1504,2016,card,3,412,507,1070
IMG_0516JPG.jpg,2256,3024,card,568,1120,1341,2299
IMG_0516JPG.jpg,2256,3024,card,806,1,1486,557
IMG_0121JPG.jpg,2256,3024,card,280,1108,907,1927
IMG_0121JPG.jpg,2256,3024,card,992,584,1810,1427
IMG_0121JPG.jpg,2256,3024,card,1144,1648,1889,2493
IMG_0123JPG.jpg,1504,2016,card,217,888,557,1350
IMG_0123JPG.jpg,1504,2016,card,463,862,777,1298
IMG_0123JPG.jpg,1504,2016,card,1147,1016,1471,1534
IMG_0504JPG.jpg,1504,2016,card,485,856,1423,1888
IMG_0185JPG.jpg,1504,2016,card,413,650,1145,1594
IMG_0509JPG.jpg,2256,3024,card,977,648,2256,2259
IMG_0493JPG.jpg,2256,3024,card,717,1045,1835,2517
IMG_0418JPG.jpg,2256,3024,card,4,1508,1020,3017
IMG_0354JPG.jpg,1504,2016,card,401,120,985,744
IMG_0354JPG.jpg,1504,2016,card,875,572,1405,1196
IMG_0354JPG.jpg,1504,2016,card,309,748,785,1342
IMG_0354JPG.jpg,1504,2016,card,327,1420,761,2016
IMG_0633JPG.jpg,2256,3024,card,123,451,1477,2357
IMG_0512JPG.jpg,2256,3024,card,289,663,1801,2975
IMG_0564JPG.jpg,1504,2016,card,155,630,811,1352
IMG_0564JPG.jpg,1504,2016,card,1179,944,1504,1601
IMG_0564JPG.jpg,1504,2016,card,987,46,1487,590
IMG_0564JPG.jpg,1504,2016,card,453,2,923,378
IMG_0190JPG.jpg,2256,3024,card,1065,1217,1562,1945
IMG_0190JPG.jpg,2256,3024,card,1,366,368,1093
IMG_0125JPG.jpg,2256,3024,card,241,745,977,1663
IMG_0522JPG.jpg,2256,3024,card,392,817,1738,2214
IMG_0522JPG.jpg,2256,3024,card,1675,1,2247,1020
IMG_0171JPG.jpg,2256,3024,card,350,681,1683,2511
IMG_0603JPG.jpg,2016,1512,card,810,433,1495,1039
IMG_0603JPG.jpg,2016,1512,card,469,1,918,359
IMG_0337JPG.jpg,3024,2256,card,1338,407,2022,1016
IMG_0337JPG.jpg,3024,2256,card,2172,1166,2690,1759
IMG_0337JPG.jpg,3024,2256,card,1508,1384,2081,2014
IMG_0337JPG.jpg,3024,2256,card,233,1080,1011,1632
IMG_0337JPG.jpg,3024,2256,card,219,1,1072,616
IMG_0197JPG.jpg,2256,3024,card,362,666,1501,1584
IMG_0197JPG.jpg,2256,3024,card,1332,117,2253,1272
IMG_0197JPG.jpg,2256,3024,card,101,1530,1041,2790
IMG_0197JPG.jpg,2256,3024,card,1274,1596,2223,2833
IMG_0388JPG.jpg,2256,3024,card,141,233,717,817
IMG_0388JPG.jpg,2256,3024,card,762,611,1386,1281
IMG_0388JPG.jpg,2256,3024,card,389,1205,1159,1975
IMG_0388JPG.jpg,2256,3024,card,1292,1469,1992,2293
IMG_0494JPG.jpg,2256,3024,card,220,711,1401,2411
IMG_0441JPG.jpg,1504,2016,card,699,348,1237,1130
IMG_0441JPG.jpg,1504,2016,card,135,1074,597,1704
IMG_0375JPG.jpg,2256,3024,card,492,1484,1062,2211
IMG_0375JPG.jpg,2256,3024,card,1338,1293,1983,2051
IMG_0375JPG.jpg,2256,3024,card,1074,96,1550,763
IMG_0375JPG.jpg,2256,3024,card,1,227,398,936
IMG_0426JPG.jpg,2256,3024,card,498,348,1465,1339
IMG_0426JPG.jpg,2256,3024,card,1168,911,2114,1845
IMG_0426JPG.jpg,2256,3024,card,356,1923,1459,3024
IMG_0525JPG.jpg,1504,2016,card,471,334,911,896
IMG_0525JPG.jpg,1504,2016,card,377,1116,803,1748
IMG_0525JPG.jpg,1504,2016,card,1,324,307,886
IMG_0499JPG.jpg,2256,3024,card,368,1320,1701,2620
IMG_0499JPG.jpg,2256,3024,card,1334,1,2235,848
IMG_0424JPG.jpg,2256,3024,card,498,1342,1307,2517
IMG_0127.JPG,3024,4032,card,974,1340,1762,2408
IMG_0127.JPG,3024,4032,card,1502,1908,2650,3020
IMG_0127.JPG,3024,4032,card,1,1341,1006,2576
IMG_0488JPG.jpg,2256,3024,card,644,954,1480,2193
IMG_0150JPG.jpg,2256,3024,card,392,981,977,1796
IMG_0150JPG.jpg,2256,3024,card,1310,1166,1868,2002
IMG_0150JPG.jpg,2256,3024,card,1589,2081,2198,2908
IMG_0150JPG.jpg,2256,3024,card,289,2305,977,3024
IMG_0136JPG.jpg,2256,3024,card,353,1296,1210,2463
IMG_0476JPG.jpg,2268,3024,card,4,730,816,1945
IMG_0476JPG.jpg,2268,3024,card,1210,523,2001,1654
IMG_0533JPG.jpg,2256,3024,card,174,1087,1392,2866
IMG_0478JPG.jpg,2268,3024,card,16,1014,798,1914
IMG_0478JPG.jpg,2268,3024,card,1144,1057,1983,1981
IMG_0478JPG.jpg,2268,3024,card,1456,2020,2201,2796
IMG_0478JPG.jpg,2268,3024,card,659,2387,1263,3024
IMG_0124JPG.jpg,2256,3024,card,335,1057,1859,2642
IMG_0372JPG.jpg,2256,3024,card,414,833,1429,2166
IMG_0572JPG.jpg,2256,3024,card,1468,1517,1986,2114
IMG_0572JPG.jpg,2256,3024,card,701,1757,1101,2366
IMG_0572JPG.jpg,2256,3024,card,283,957,780,1499
IMG_0572JPG.jpg,2256,3024,card,526,381,929,811
IMG_0572JPG.jpg,2256,3024,card,1101,820,1523,1278
IMG_0572JPG.jpg,2256,3024,card,1150,290,1441,642
IMG_0572JPG.jpg,2256,3024,card,1741,614,2174,1027
IMG_0572JPG.jpg,2256,3024,card,1607,251,2023,596
IMG_0572JPG.jpg,2256,3024,card,168,1,517,278
IMG_0572JPG.jpg,2256,3024,card,1,544,265,984
IMG_0543JPG.jpg,2256,3024,card,23,1366,1638,3024
IMG_0369JPG.jpg,2256,3024,card,498,857,1332,2075
IMG_0333JPG.jpg,3024,2256,card,1,62,749,859
IMG_0333JPG.jpg,3024,2256,card,647,1005,1572,1975
IMG_0333JPG.jpg,3024,2256,card,1897,861,2724,1411
IMG_0333JPG.jpg,3024,2256,card,2249,14,2740,702
IMG_0172JPG.jpg,1504,2016,card,279,806,779,1522
IMG_0172JPG.jpg,1504,2016,card,827,894,1343,1650
IMG_0352JPG.jpg,3024,2256,card,881,598,1770,1266
IMG_0352JPG.jpg,3024,2256,card,2172,1130,2995,1902
IMG_0352JPG.jpg,3024,2256,card,547,1684,1338,2227
IMG_0410JPG.jpg,2256,3024,card,101,1254,1283,2917
IMG_0541JPG.jpg,2256,3024,card,174,875,1441,2499
IMG_0571JPG.jpg,2256,3024,card,968,436,1777,1505
IMG_0571JPG.jpg,2256,3024,card,865,1975,2052,3024
IMG_0571JPG.jpg,2256,3024,card,1,1071,550,2211
IMG_0503JPG.jpg,2256,3024,card,232,548,1529,2199
IMG_0429JPG.jpg,2256,3024,card,453,999,1750,2317
IMG_0131.JPG,3024,4032,card,346,1352,1266,2684
IMG_0131.JPG,3024,4032,card,1098,1112,2386,2600
IMG_0131.JPG,3024,4032,card,1822,1968,2698,3212
IMG_0457JPG.jpg,1512,2016,card,113,788,575,1420
IMG_0457JPG.jpg,1512,2016,card,1075,1432,1512,1924
IMG_0457JPG.jpg,1512,2016,card,883,1,1301,430
IMG_0457JPG.jpg,1512,2016,card,39,1570,652,2016
IMG_0353JPG.jpg,2016,1504,card,825,496,1416,1179
IMG_0353JPG.jpg,2016,1504,card,309,2,949,496
IMG_0408JPG.jpg,2256,3024,card,459,875,1259,2075
IMG_0408JPG.jpg,2256,3024,card,1501,1754,2256,3011
IMG_0587JPG.jpg,2256,3024,card,780,514,1135,902
IMG_0587JPG.jpg,2256,3024,card,1298,590,1710,1020
IMG_0587JPG.jpg,2256,3024,card,283,484,632,869
IMG_0587JPG.jpg,2256,3024,card,971,1923,1410,2539
IMG_0587JPG.jpg,2256,3024,card,1168,39,1477,393
IMG_0587JPG.jpg,2256,3024,card,1689,36,2014,357
IMG_0587JPG.jpg,2256,3024,card,47,72,410,408
IMG_0587JPG.jpg,2256,3024,card,1817,593,2183,1008
IMG_0587JPG.jpg,2256,3024,card,307,1063,704,1499
IMG_0587JPG.jpg,2256,3024,card,1010,1114,1438,1620
IMG_0587JPG.jpg,2256,3024,card,1586,1111,1956,1596
IMG_0587JPG.jpg,2256,3024,card,1692,1845,2129,2484
IMG_0587JPG.jpg,2256,3024,card,244,1814,659,2420
IMG_0587JPG.jpg,2256,3024,card,626,87,938,454
IMG_0386JPG.jpg,2256,3024,card,353,1696,1104,2681
IMG_0386JPG.jpg,2256,3024,card,1138,981,2029,2063
IMG_0386JPG.jpg,2256,3024,card,253,30,801,881
IMG_0537JPG.jpg,2256,3024,card,607,881,2153,2666
IMG_0109JPG.jpg,3024,2256,card,965,900,1670,1432
IMG_0109JPG.jpg,3024,2256,card,1179,616,1879,1127
IMG_0329JPG.jpg,3024,2256,card,1283,864,1972,1441
IMG_0329JPG.jpg,3024,2256,card,565,1741,1387,2256
IMG_0329JPG.jpg,3024,2256,card,1786,1727,2392,2256
IMG_0329JPG.jpg,3024,2256,card,1,713,699,1264
IMG_0329JPG.jpg,3024,2256,card,2218,373,2786,984
IMG_0329JPG.jpg,3024,2256,card,1231,2,1929,548
IMG_0425JPG.jpg,2256,3024,card,238,1266,1110,2536
IMG_0425JPG.jpg,2256,3024,card,1335,1308,2238,2623
IMG_0466JPG.jpg,2268,3024,card,868,239,1938,1781
IMG_0466JPG.jpg,2268,3024,card,168,2123,987,3024
IMG_0569JPG.jpg,1504,2016,card,29,536,439,930
IMG_0569JPG.jpg,1504,2016,card,597,652,945,1022
IMG_0569JPG.jpg,1504,2016,card,1039,752,1357,1114
IMG_0569JPG.jpg,1504,2016,card,779,1134,1053,1578
IMG_0569JPG.jpg,1504,2016,card,5,1072,381,1584
IMG_0569JPG.jpg,1504,2016,card,1289,1192,1504,1581
IMG_0569JPG.jpg,1504,2016,card,885,292,1103,570
IMG_0569JPG.jpg,1504,2016,card,309,184,567,492
IMG_0569JPG.jpg,1504,2016,card,1355,374,1504,640
IMG_0569JPG.jpg,1504,2016,card,1315,16,1504,242
IMG_0569JPG.jpg,1504,2016,card,951,1,1183,190
IMG_0345JPG.jpg,3024,2256,card,1,522,633,1509
IMG_0345JPG.jpg,3024,2256,card,829,327,1638,907
IMG_0345JPG.jpg,3024,2256,card,1468,930,2288,1750
IMG_0345JPG.jpg,3024,2256,card,408,1470,1090,2252
IMG_0345JPG.jpg,3024,2256,card,2203,1,2731,486
IMG_0345JPG.jpg,3024,2256,card,2438,1527,3024,2249
IMG_0181JPG.jpg,2256,3024,card,544,1178,1447,2396
IMG_0523JPG.jpg,1504,2016,card,317,704,875,1472
IMG_0523JPG.jpg,1504,2016,card,357,4,819,430
IMG_0618JPG.jpg,3024,2256,card,1058,443,2027,1207
IMG_0618JPG.jpg,3024,2256,card,2308,350,3008,902
IMG_0618JPG.jpg,3024,2256,card,1922,1332,2588,1720
IMG_0618JPG.jpg,3024,2256,card,577,1423,1488,2041
IMG_0165JPG.jpg,1504,2016,card,569,746,1033,1436
IMG_0588JPG.jpg,2256,3024,card,556,478,1686,1787
IMG_0532JPG.jpg,2256,3024,card,98,1027,1601,2648
IMG_0358JPG.jpg,2256,3024,card,241,533,971,1311
IMG_0358JPG.jpg,2256,3024,card,1295,866,1965,1654
IMG_0358JPG.jpg,2256,3024,card,1385,1,2020,560
IMG_0358JPG.jpg,2256,3024,card,962,1948,1720,2745
IMG_0358JPG.jpg,2256,3024,card,1750,1460,2256,2247
IMG_0363JPG.jpg,2256,3024,card,568,1399,1514,2030
IMG_0363JPG.jpg,2256,3024,card,162,614,1083,1381
IMG_0363JPG.jpg,2256,3024,card,1574,984,2256,1774
IMG_0363JPG.jpg,2256,3024,card,1580,263,2256,813
IMG_0586JPG.jpg,1504,2016,card,31,28,481,422
IMG_0586JPG.jpg,1504,2016,card,583,360,1043,794
IMG_0586JPG.jpg,1504,2016,card,1027,520,1467,1010
IMG_0586JPG.jpg,1504,2016,card,221,974,665,1512
IMG_0586JPG.jpg,1504,2016,card,797,1168,1317,1732
IMG_0586JPG.jpg,1504,2016,card,1031,24,1481,428
IMG_0500JPG.jpg,1504,2016,card,375,106,1123,1130
IMG_0170JPG.jpg,2256,3024,card,80,530,1174,1936
IMG_0170JPG.jpg,2256,3024,card,1035,1384,2232,2860
IMG_0117JPG.jpg,2256,3024,card,674,1057,1629,2433
IMG_0507JPG.jpg,2256,3024,card,1,581,2129,2605
IMG_0319JPG.jpg,3024,2256,card,1272,693,2263,1366
IMG_0319JPG.jpg,3024,2256,card,261,1370,1352,2102
IMG_0413JPG.jpg,2256,3024,card,620,1484,1432,2736
IMG_0529JPG.jpg,2256,3024,card,723,396,2256,2369
IMG_0174JPG.jpg,2256,3024,card,592,866,1795,2469
IMG_0313JPG.jpg,2256,3024,card,438,1281,1207,2399
IMG_0313JPG.jpg,2256,3024,card,1598,951,2256,2165
IMG_0626JPG.jpg,2256,3024,card,810,572,1971,2378
IMG_0434JPG.jpg,2256,3024,card,101,820,741,1672
IMG_0434JPG.jpg,2256,3024,card,986,1284,1768,2345
IMG_0105JPG.jpg,3024,2256,card,636,311,2006,1291
IMG_0477JPG.jpg,2268,3024,card,495,1411,1095,2257
IMG_0477JPG.jpg,2268,3024,card,1620,684,2256,1590
IMG_0477JPG.jpg,2268,3024,card,1247,2423,1838,3024
IMG_0143JPG.jpg,2256,3024,card,665,1172,1380,2105
IMG_0143JPG.jpg,2256,3024,card,892,248,1865,1030
IMG_0599JPG.jpg,3024,2268,card,1008,336,2002,1063
IMG_0599JPG.jpg,3024,2268,card,868,1170,1979,1986
IMG_0599JPG.jpg,3024,2268,card,81,270,933,888
IMG_0336JPG.jpg,3024,2256,card,618,659,1402,1282
IMG_0336JPG.jpg,3024,2256,card,1740,977,2481,1577
IMG_0336JPG.jpg,3024,2256,card,681,1770,1549,2256
IMG_0148JPG.jpg,1504,2016,card,527,364,919,880
IMG_0148JPG.jpg,1504,2016,card,157,872,519,1374
IMG_0148JPG.jpg,1504,2016,card,667,1284,1229,1746
IMG_0442JPG.jpg,2256,3024,card,89,763,841,1784
IMG_0442JPG.jpg,2256,3024,card,1032,1696,1656,2563
IMG_0442JPG.jpg,2256,3024,card,858,1,1695,802
IMG_0431JPG.jpg,2256,3024,card,217,751,1517,1927
IMG_0431JPG.jpg,2256,3024,card,1189,1645,2180,2708
IMG_0162JPG.jpg,1504,2016,card,925,438,1379,1138
IMG_0162JPG.jpg,1504,2016,card,511,876,985,1570
IMG_0162JPG.jpg,1504,2016,card,117,1314,627,1996
IMG_0162JPG.jpg,1504,2016,card,939,1370,1495,2016
IMG_0308JPG.jpg,2256,3024,card,1104,1275,1707,2178
IMG_0308JPG.jpg,2256,3024,card,7,1387,692,2354
IMG_0308JPG.jpg,2256,3024,card,1,569,626,1336
IMG_0536JPG.jpg,2256,3024,card,229,951,1274,2396
IMG_0536JPG.jpg,2256,3024,card,1262,1,2035,611
IMG_0608JPG.jpg,3024,2256,card,386,261,1277,841
IMG_0608JPG.jpg,3024,2256,card,1613,784,2372,1555
IMG_0608JPG.jpg,3024,2256,card,147,1250,1258,2016
IMG_0608JPG.jpg,3024,2256,card,1581,382,2229,757
IMG_0608JPG.jpg,3024,2256,card,2247,411,2868,668
IMG_0167JPG.jpg,2256,3024,card,123,342,795,1327
IMG_0167JPG.jpg,2256,3024,card,917,808,1686,1808
IMG_0167JPG.jpg,2256,3024,card,1441,1469,2256,2599
IMG_0167JPG.jpg,2256,3024,card,447,2060,1505,3024
IMG_0198JPG.jpg,2256,3024,card,617,945,1732,2490
IMG_0134.JPG,3024,4032,card,978,1728,2022,3124
IMG_0505JPG.jpg,2256,3024,card,404,954,1595,2508
IMG_0176JPG.jpg,2256,3024,card,598,751,1562,2148
IMG_0176JPG.jpg,2256,3024,card,1110,1381,2256,2932
IMG_0465JPG.jpg,2268,3024,card,953,645,2268,2325
IMG_0423JPG.jpg,2256,3024,card,4,1557,617,2557
IMG_0423JPG.jpg,2256,3024,card,1162,360,1786,1205
IMG_0423JPG.jpg,2256,3024,card,1529,1205,2141,2066
IMG_0399JPG.jpg,2256,3024,card,329,893,1083,1951
IMG_0399JPG.jpg,2256,3024,card,1559,878,2256,1950
IMG_0098JPG.jpg,3024,2256,card,1474,866,2622,1725
IMG_0098JPG.jpg,3024,2256,card,822,230,1983,1018
IMG_0458JPG.jpg,2268,3024,card,556,842,1083,1666
IMG_0458JPG.jpg,2268,3024,card,1747,1630,2268,2412
IMG_0451JPG.jpg,2268,3024,card,1086,475,1965,1751
IMG_0302JPG.jpg,2256,3024,card,656,1411,1477,2596
IMG_0445JPG.jpg,2256,3024,card,526,1211,1444,2527
IMG_0620JPG.jpg,3024,2256,card,1333,680,1922,1159
IMG_0620JPG.jpg,3024,2256,card,2195,739,2586,1123
IMG_0620JPG.jpg,3024,2256,card,1,817,886,1625
IMG_0620JPG.jpg,3024,2256,card,1331,1489,1879,2005
IMG_0620JPG.jpg,3024,2256,card,2106,1284,2529,1691
IMG_0620JPG.jpg,3024,2256,card,2679,500,2999,966
IMG_0620JPG.jpg,3024,2256,card,157,1,1104,561
IMG_0620JPG.jpg,3024,2256,card,2618,1761,2938,2050
IMG_0314JPG.jpg,2256,3024,card,435,1011,1395,2160
IMG_0314JPG.jpg,2256,3024,card,1523,1045,2256,2116
IMG_0605JPG.jpg,3024,2268,card,636,838,2013,1842
IMG_0542JPG.jpg,2256,3024,card,410,1187,1468,2781
IMG_0146JPG.jpg,2256,3024,card,395,1030,1304,2327
IMG_0394JPG.jpg,2256,3024,card,598,848,968,1254
IMG_0394JPG.jpg,2256,3024,card,1598,1172,1901,1548
IMG_0394JPG.jpg,2256,3024,card,962,1417,1441,1896
IMG_0394JPG.jpg,2256,3024,card,768,2075,1304,2642
IMG_0394JPG.jpg,2256,3024,card,1698,2023,2192,2563
IMG_0394JPG.jpg,2256,3024,card,10,784,426,1208
IMG_0394JPG.jpg,2256,3024,card,180,1372,710,1860
IMG_0419JPG.jpg,2256,3024,card,286,1375,1480,2963
IMG_0456JPG.jpg,2268,3024,card,368,8,2198,1714
IMG_0521JPG.jpg,2256,3024,card,53,987,1644,3024
IMG_0534JPG.jpg,2256,3024,card,362,911,1774,2505
IMG_0565JPG.jpg,2256,3024,card,659,723,1429,1654
IMG_0565JPG.jpg,2256,3024,card,647,2011,1581,3024
IMG_0370JPG.jpg,2256,3024,card,689,627,2001,1908
IMG_0370JPG.jpg,2256,3024,card,10,2142,850,3024
IMG_0452JPG.jpg,2268,3024,card,226,799,923,1860
IMG_0452JPG.jpg,2268,3024,card,1083,1796,1723,2705
IMG_0452JPG.jpg,2268,3024,card,1780,414,2268,1440
IMG_0111JPG.jpg,2016,1504,card,936,180,1507,576
IMG_0111JPG.jpg,2016,1504,card,373,698,1006,1220
IMG_0331JPG.jpg,3024,2256,card,336,525,1374,1216
IMG_0331JPG.jpg,3024,2256,card,1656,1089,2529,1684
IMG_0596JPG.jpg,2256,3024,card,553,1323,1368,2563
IMG_0596JPG.jpg,2256,3024,card,1014,236,1556,1090
IMG_0596JPG.jpg,2256,3024,card,1798,623,2256,1329
IMG_0420JPG.jpg,2256,3024,card,1,1299,1287,3024
IMG_0612JPG.jpg,3024,2256,card,920,1145,1840,2102
IMG_0612JPG.jpg,3024,2256,card,1329,1,2268,830
IMG_0612JPG.jpg,3024,2256,card,2365,1234,2968,1734
IMG_0612JPG.jpg,3024,2256,card,1,607,818,1464
IMG_0627JPG.jpg,2256,3024,card,577,902,1908,3024
IMG_0555JPG.jpg,1504,2016,card,483,644,1157,1558
IMG_0193JPG.jpg,2256,3024,card,614,966,1674,2305
IMG_0193JPG.jpg,2256,3024,card,874,2,2210,1105
IMG_0193JPG.jpg,2256,3024,card,1247,2075,2256,2981
IMG_0362JPG.jpg,2256,3024,card,771,1602,1386,2487
IMG_0362JPG.jpg,2256,3024,card,1,514,559,1257
IMG_0362JPG.jpg,2256,3024,card,1295,184,2144,908
IMG_0362JPG.jpg,2256,3024,card,1650,945,2256,1561
IMG_0455JPG.jpg,2268,3024,card,726,1036,1510,2002
IMG_0455JPG.jpg,2268,3024,card,1759,1327,2268,2243
IMG_0142JPG.jpg,1512,2016,card,261,722,749,1310
IMG_0142JPG.jpg,1512,2016,card,611,170,1063,796
IMG_0142JPG.jpg,1512,2016,card,713,1338,1067,1828
IMG_0628JPG.jpg,2256,3024,card,353,590,1798,2720
IMG_0160JPG.jpg,2256,3024,card,729,1139,1510,2160
IMG_0116JPG.jpg,1504,2016,card,509,832,1115,1696
IMG_0573JPG.jpg,2256,3024,card,1604,1423,1992,1902
IMG_0573JPG.jpg,2256,3024,card,762,1460,1110,1972
IMG_0573JPG.jpg,2256,3024,card,977,896,1374,1330
IMG_0573JPG.jpg,2256,3024,card,353,920,741,1320
IMG_0573JPG.jpg,2256,3024,card,1820,2454,2208,3024
IMG_0573JPG.jpg,2256,3024,card,826,2393,1256,3024
IMG_0573JPG.jpg,2256,3024,card,1341,396,1720,757
IMG_0573JPG.jpg,2256,3024,card,780,339,1120,702
IMG_0573JPG.jpg,2256,3024,card,274,360,556,705
IMG_0573JPG.jpg,2256,3024,card,1399,1,1677,239
IMG_0573JPG.jpg,2256,3024,card,1610,966,2007,1378
IMG_0489JPG.jpg,2256,3024,card,1,525,1877,2527
IMG_0483JPG.jpg,2256,3024,card,414,1108,1310,2442
IMG_0483JPG.jpg,2256,3024,card,1295,14,2256,1431
IMG_0164JPG.jpg,2256,3024,card,998,1472,1653,2384
IMG_0428JPG.jpg,1504,2016,card,239,872,717,1540
IMG_0428JPG.jpg,1504,2016,card,505,1,1131,378
IMG_0609JPG.jpg,3024,2256,card,1699,455,2527,991
IMG_0609JPG.jpg,3024,2256,card,745,1034,1549,1811
IMG_0609JPG.jpg,3024,2256,card,24,1577,890,2256
IMG_0609JPG.jpg,3024,2256,card,2111,1261,2693,1914
IMG_0609JPG.jpg,3024,2256,card,1238,1841,1985,2256
IMG_0460JPG.jpg,2268,3024,card,953,533,2168,2272
IMG_0631JPG.jpg,1504,2016,card,249,514,1067,1718
IMG_0450JPG.jpg,2268,3024,card,926,420,1901,1757
IMG_0629JPG.jpg,1504,2016,card,233,416,1111,1694
IMG_0161JPG.jpg,1504,2016,card,7,954,595,1708
IMG_0161JPG.jpg,1504,2016,card,879,586,1417,1316
IMG_0430JPG.jpg,2256,3024,card,768,1248,1532,2369
IMG_0430JPG.jpg,2256,3024,card,783,51,1789,736
IMG_0540JPG.jpg,2256,3024,card,1,1033,1007,2778
IMG_0553JPG.jpg,2256,3024,card,1,747,965,2102
IMG_0553JPG.jpg,2256,3024,card,1350,681,2256,2007
IMG_0566JPG.jpg,2256,3024,card,759,808,1277,1575
IMG_0566JPG.jpg,2256,3024,card,341,1857,1274,2990
IMG_0566JPG.jpg,2256,3024,card,1710,96,2253,714
IMG_0357JPG.jpg,1504,2016,card,655,756,1121,1112
IMG_0357JPG.jpg,1504,2016,card,423,1250,811,1762
IMG_0357JPG.jpg,1504,2016,card,999,1476,1491,1956
IMG_0357JPG.jpg,1504,2016,card,5,876,419,1398
IMG_0357JPG.jpg,1504,2016,card,5,186,381,672
IMG_0357JPG.jpg,1504,2016,card,1025,8,1465,430
IMG_0513JPG.jpg,2256,3024,card,326,984,1541,2254
IMG_0310JPG.jpg,1504,2016,card,521,166,1063,724
IMG_0310JPG.jpg,1504,2016,card,649,828,1091,1420
IMG_0186JPG.jpg,1504,2016,card,401,640,1139,1588
IMG_0186JPG.jpg,1504,2016,card,1011,958,1504,1862
IMG_0195JPG.jpg,1504,2016,card,595,596,1231,1494
IMG_0600JPG.jpg,3024,2268,card,306,322,1227,999
IMG_0600JPG.jpg,3024,2268,card,1274,165,2340,1008
IMG_0600JPG.jpg,3024,2268,card,1420,970,2445,1667
IMG_0600JPG.jpg,3024,2268,card,474,1417,1247,2013
IMG_0361JPG.jpg,2256,3024,card,995,1145,1814,2293
IMG_0361JPG.jpg,2256,3024,card,1,1359,614,2563
IMG_0178JPG.jpg,2256,3024,card,7,348,1153,1775
IMG_0178JPG.jpg,2256,3024,card,1132,1596,2201,3024
IMG_0366JPG.jpg,2256,3024,card,347,1172,1135,2184
IMG_0366JPG.jpg,2256,3024,card,1510,548,2220,1527
IMG_0317JPG.jpg,3024,2256,card,936,923,1836,1566
IMG_0317JPG.jpg,3024,2256,card,2045,757,2806,1623
IMG_0574JPG.jpg,2256,3024,card,129,1430,538,1975
IMG_0574JPG.jpg,2256,3024,card,1089,1351,1495,1863
IMG_0574JPG.jpg,2256,3024,card,165,2408,621,3024
IMG_0574JPG.jpg,2256,3024,card,1204,2457,1626,3024
IMG_0574JPG.jpg,2256,3024,card,1141,833,1580,1296
IMG_0574JPG.jpg,2256,3024,card,886,175,1317,593
IMG_0574JPG.jpg,2256,3024,card,247,142,635,536
IMG_0574JPG.jpg,2256,3024,card,444,775,898,1245
IMG_0364JPG.jpg,2256,3024,card,544,1127,1029,1830
IMG_0364JPG.jpg,2256,3024,card,1280,2148,1823,2954
IMG_0364JPG.jpg,2256,3024,card,1695,727,2256,1316
IMG_0364JPG.jpg,2256,3024,card,1346,1,2104,490
IMG_0364JPG.jpg,2256,3024,card,249,1,750,572
IMG_0498JPG.jpg,1504,2016,card,3,608,913,1740
IMG_0563JPG.jpg,2256,3024,card,271,845,1577,2427
IMG_0559JPG.jpg,2256,3024,card,665,978,1307,1845
IMG_0559JPG.jpg,2256,3024,card,1874,923,2256,1805
IMG_0559JPG.jpg,2256,3024,card,1672,1,2250,599
IMG_0133JPG.jpg,2256,3024,card,614,1239,1435,2460
IMG_0473JPG.jpg,2268,3024,card,686,1333,2046,3024
IMG_0551JPG.jpg,2256,3024,card,768,1802,1359,2536
IMG_0551JPG.jpg,2256,3024,card,129,1642,729,2333
IMG_0551JPG.jpg,2256,3024,card,935,1048,1353,1590
IMG_0551JPG.jpg,2256,3024,card,117,951,520,1463
IMG_0551JPG.jpg,2256,3024,card,280,199,626,633
IMG_0551JPG.jpg,2256,3024,card,935,205,1326,666
IMG_0551JPG.jpg,2256,3024,card,1914,1002,2256,1549
IMG_0551JPG.jpg,2256,3024,card,1665,299,2156,799
IMG_0551JPG.jpg,2256,3024,card,1917,1787,2247,2517
IMG_0484JPG.jpg,2256,3024,card,201,660,974,1823
IMG_0484JPG.jpg,2256,3024,card,1035,1375,2089,2133
IMG_0484JPG.jpg,2256,3024,card,1392,2348,2256,3020
IMG_0464JPG.jpg,2268,3024,card,798,242,1883,1651
IMG_0562JPG.jpg,2256,3024,card,1477,845,1923,1390
IMG_0562JPG.jpg,2256,3024,card,650,1669,1138,2420
IMG_0562JPG.jpg,2256,3024,card,1489,1787,2047,2633
IMG_0562JPG.jpg,2256,3024,card,574,830,1092,1399
IMG_0562JPG.jpg,2256,3024,card,1047,178,1447,614
IMG_0562JPG.jpg,2256,3024,card,1753,296,2141,766
IMG_0184JPG.jpg,2256,3024,card,632,945,1607,2345
IMG_0135JPG.jpg,2256,3024,card,765,827,1644,1817
IMG_0177JPG.jpg,1504,2016,card,331,304,1179,1400
IMG_0330JPG.jpg,3024,2256,card,1388,405,2258,1127
IMG_0330JPG.jpg,3024,2256,card,893,1248,1877,2030
IMG_0330JPG.jpg,3024,2256,card,1,817,724,1557
IMG_0330JPG.jpg,3024,2256,card,2347,650,3004,1555
IMG_0625JPG.jpg,2256,3024,card,780,257,1729,1563
IMG_0579JPG.jpg,2256,3024,card,359,1172,877,1720
IMG_0579JPG.jpg,2256,3024,card,1365,1287,1835,1848
IMG_0579JPG.jpg,2256,3024,card,632,2151,1123,2839
IMG_0579JPG.jpg,2256,3024,card,1,2023,341,2678
IMG_0579JPG.jpg,2256,3024,card,1610,2208,2114,2942
IMG_0579JPG.jpg,2256,3024,card,1341,648,1765,1102
IMG_0579JPG.jpg,2256,3024,card,650,611,1095,1060
IMG_0579JPG.jpg,2256,3024,card,738,142,1068,511
IMG_0579JPG.jpg,2256,3024,card,1523,208,1844,563
IMG_0579JPG.jpg,2256,3024,card,1,104,335,472
IMG_0157JPG.jpg,2256,3024,card,247,545,859,1463
IMG_0157JPG.jpg,2256,3024,card,841,636,1601,1590
IMG_0157JPG.jpg,2256,3024,card,1314,1502,2256,2510
IMG_0318JPG.jpg,2016,1504,card,753,464,1398,1007
IMG_0318JPG.jpg,2016,1504,card,1480,956,2016,1493
IMG_0312JPG.jpg,2256,3024,card,529,1048,1359,2217
IMG_0385JPG.jpg,2256,3024,card,623,1375,1377,2451
IMG_0385JPG.jpg,2256,3024,card,10,620,917,1672
IMG_0385JPG.jpg,2256,3024,card,1456,2060,2256,3023
IMG_0309JPG.jpg,2256,3024,card,865,896,1659,1799
IMG_0309JPG.jpg,2256,3024,card,1535,1605,2256,2560
IMG_0309JPG.jpg,2256,3024,card,10,1454,856,2478
IMG_0309JPG.jpg,2256,3024,card,43,1,707,569
IMG_0350JPG.jpg,3024,2256,card,777,591,1652,1175
IMG_0350JPG.jpg,3024,2256,card,2129,732,2786,1591
IMG_0391JPG.jpg,2256,3024,card,668,514,1365,1545
IMG_0391JPG.jpg,2256,3024,card,1156,2411,2078,3024
IMG_0602JPG.jpg,3024,2268,card,799,1020,2188,1949
IMG_0175JPG.jpg,2256,3024,card,483,281,1747,2045
IMG_0175JPG.jpg,2256,3024,card,274,1981,1879,3024
IMG_0194JPG.jpg,1504,2016,card,347,1032,775,1646
IMG_0194JPG.jpg,1504,2016,card,769,580,1319,1242
IMG_0194JPG.jpg,1504,2016,card,1,1437,499,2012
IMG_0107JPG.jpg,3024,2256,card,65,80,1713,1445
IMG_0405JPG.jpg,2256,3024,card,356,902,1789,2627
IMG_0421JPG.jpg,2256,3024,card,1,1272,383,3020
IMG_0196JPG.jpg,2256,3024,card,432,1148,1335,2363
IMG_0462JPG.jpg,1512,2016,card,647,448,1337,1306
IMG_0099JPG.jpg,2016,1504,card,409,444,1295,1062
IMG_0492JPG.jpg,1504,2016,card,303,686,1099,1768
IMG_0144JPG.jpg,2256,3024,card,329,1011,1756,2772
IMG_0407JPG.jpg,2256,3024,card,7,881,953,2348
IMG_0482JPG.jpg,2256,3024,card,1295,681,2104,1708
IMG_0482JPG.jpg,2256,3024,card,583,1090,1510,2148
IMG_0482JPG.jpg,2256,3024,card,1,1658,647,2699
IMG_0412JPG.jpg,2256,3024,card,614,1120,1526,2454
IMG_0416JPG.jpg,2256,3024,card,23,1196,962,2514
IMG_0416JPG.jpg,2256,3024,card,1162,205,2053,1339
IMG_0404JPG.jpg,2256,3024,card,4,814,1044,2793
IMG_0390JPG.jpg,2256,3024,card,10,251,632,1117
IMG_0390JPG.jpg,2256,3024,card,1310,1039,1962,1963
IMG_0390JPG.jpg,2256,3024,card,344,1957,1419,3024
IMG_0474JPG.jpg,2268,3024,card,598,496,1629,1823
IMG_0147JPG.jpg,2256,3024,card,844,1136,1729,2266
IMG_0392JPG.jpg,1504,2016,card,577,776,1265,1378
IMG_0392JPG.jpg,1504,2016,card,1043,126,1504,650
IMG_0367JPG.jpg,2256,3024,card,423,1111,1765,2560
IMG_0192JPG.jpg,2256,3024,card,762,981,1698,2420
IMG_0601JPG.jpg,3024,2268,card,493,545,1438,1208
IMG_0601JPG.jpg,3024,2268,card,1565,386,2843,1274
IMG_0601JPG.jpg,3024,2268,card,1520,1236,3024,2250
IMG_0374JPG.jpg,2256,3024,card,1104,927,2092,2087
IMG_0374JPG.jpg,2256,3024,card,1,1178,662,2354
IMG_0398JPG.jpg,2256,3024,card,292,1069,1141,2236
IMG_0398JPG.jpg,2256,3024,card,1332,120,2165,1193
IMG_0398JPG.jpg,2256,3024,card,1177,2257,2109,3024
IMG_0321JPG.jpg,3024,2256,card,683,1180,1756,2091
IMG_0321JPG.jpg,3024,2256,card,886,84,1956,925
IMG_0411JPG.jpg,2256,3024,card,189,978,1250,2508
IMG_0097JPG.jpg,1504,2016,card,281,618,903,1534
IMG_0126JPG.jpg,2256,3024,card,895,1020,1671,1996
IMG_0103JPG.jpg,3024,2256,card,318,732,1820,1702
IMG_0322JPG.jpg,3024,2256,card,758,409,2011,1532
IMG_0322JPG.jpg,3024,2256,card,1568,1455,2945,2256
IMG_0128JPG.jpg,2256,3024,card,792,1308,1456,2278
IMG_0432JPG.jpg,2256,3024,card,614,745,2120,2272
IMG_0311JPG.jpg,2256,3024,card,986,739,1483,1439
IMG_0311JPG.jpg,2256,3024,card,1483,1696,2047,2523
IMG_0311JPG.jpg,2256,3024,card,20,1457,535,2205
IMG_0311JPG.jpg,2256,3024,card,1,483,401,1160
IMG_0311JPG.jpg,2256,3024,card,1216,1,1974,469
IMG_0311JPG.jpg,2256,3024,card,98,2493,719,3024
IMG_0183JPG.jpg,1504,2016,card,395,458,1093,1402
IMG_0138JPG.jpg,2256,3024,card,810,1233,1668,2420
IMG_0137.JPG,3024,4032,card,738,1228,2190,3408
IMG_0453JPG.jpg,2268,3024,card,262,1169,823,1939
IMG_0453JPG.jpg,2268,3024,card,1083,2163,1795,2817
IMG_0145JPG.jpg,1504,2016,card,601,784,1155,1662
IMG_0584JPG.jpg,1504,2016,card,5,320,579,1076
IMG_0584JPG.jpg,1504,2016,card,1017,192,1504,935
IMG_0584JPG.jpg,1504,2016,card,781,1616,1337,2016
IMG_0584JPG.jpg,1504,2016,card,1,1556,431,2015
IMG_0182JPG.jpg,2256,3024,card,550,563,1765,2093
IMG_0530JPG.jpg,1504,2016,card,269,466,1051,1636
IMG_0469JPG.jpg,2268,3024,card,677,1430,1444,2527
IMG_0469JPG.jpg,2268,3024,card,1371,354,2268,1593
IMG_0359JPG.jpg,2256,3024,card,247,969,710,1639
IMG_0359JPG.jpg,2256,3024,card,856,1354,1468,2017
IMG_0359JPG.jpg,2256,3024,card,662,205,1180,890
IMG_0359JPG.jpg,2256,3024,card,1453,223,2086,896
IMG_0359JPG.jpg,2256,3024,card,1732,1902,2256,2518
IMG_0359JPG.jpg,2256,3024,card,1168,2472,1759,2969
IMG_0359JPG.jpg,2256,3024,card,229,1914,826,2560
IMG_0110JPG.jpg,2016,1504,card,222,308,767,750
IMG_0110JPG.jpg,2016,1504,card,776,585,1239,885
IMG_0110JPG.jpg,2016,1504,card,773,107,1252,485
IMG_0110JPG.jpg,2016,1504,card,219,970,822,1440
IMG_0454JPG.jpg,2268,3024,card,420,1102,1195,1939
IMG_0454JPG.jpg,2268,3024,card,535,2302,1253,2733
IMG_0454JPG.jpg,2268,3024,card,1729,1178,2268,1613
IMG_0101JPG.jpg,3024,2256,card,747,580,2074,1559
IMG_0615JPG.jpg,3024,2256,card,1268,691,2183,1325
IMG_0615JPG.jpg,3024,2256,card,1,1531,993,2252
IMG_0615JPG.jpg,3024,2256,card,1,349,731,1202
IMG_0508JPG.jpg,2256,3024,card,1,881,1341,2930
IMG_0557JPG.jpg,2256,3024,card,198,669,729,1505
IMG_0557JPG.jpg,2256,3024,card,1229,542,1935,1451
IMG_0557JPG.jpg,2256,3024,card,350,2117,1105,3024
IMG_0557JPG.jpg,2256,3024,card,1789,1878,2256,2983
IMG_0589JPG.jpg,2256,3024,card,841,930,1898,2520
IMG_0113JPG.jpg,2256,3024,card,607,1417,1514,2578
IMG_0538JPG.jpg,1504,2016,card,531,520,1291,1640
IMG_0351JPG.jpg,3024,2256,card,722,784,1733,1725
IMG_0351JPG.jpg,3024,2256,card,2245,461,2890,1318
IMG_0351JPG.jpg,3024,2256,card,15,1,1065,607
IMG_0481JPG.jpg,2256,3024,card,1001,833,1686,1548
IMG_0481JPG.jpg,2256,3024,card,1,1255,586,1923
IMG_0481JPG.jpg,2256,3024,card,1014,1936,1729,2799
IMG_0481JPG.jpg,2256,3024,card,465,2154,1210,3005
IMG_0481JPG.jpg,2256,3024,card,1795,960,2256,1625
IMG_0481JPG.jpg,2256,3024,card,1053,20,1529,551
IMG_0481JPG.jpg,2256,3024,card,283,411,656,957
IMG_0481JPG.jpg,2256,3024,card,1,2445,364,3024
IMG_0481JPG.jpg,2256,3024,card,1856,8,2256,465
IMG_0380JPG.jpg,2256,3024,card,929,936,1574,1787
IMG_0531JPG.jpg,2256,3024,card,365,520,1932,2296
IMG_0556JPG.jpg,2256,3024,card,7,611,901,1636
IMG_0556JPG.jpg,2256,3024,card,998,1420,2095,2511
IMG_0556JPG.jpg,2256,3024,card,1629,311,2256,1148
IMG_0613JPG.jpg,3024,2256,card,1,667,797,1525
IMG_0613JPG.jpg,3024,2256,card,949,1143,1868,2118
IMG_0613JPG.jpg,3024,2256,card,2386,1202,2965,1720
IMG_0613JPG.jpg,3024,2256,card,1302,1,2245,820
IMG_0371JPG.jpg,2256,3024,card,389,951,1180,1923
IMG_0371JPG.jpg,2256,3024,card,1380,427,2256,1102
IMG_0371JPG.jpg,2256,3024,card,32,8,1010,575
IMG_0383JPG.jpg,2256,3024,card,477,1133,1307,2075
IMG_0383JPG.jpg,2256,3024,card,1229,172,2047,860
IMG_0383JPG.jpg,2256,3024,card,986,2451,1876,3024
IMG_0383JPG.jpg,2256,3024,card,7,223,804,917
IMG_0383JPG.jpg,2256,3024,card,1562,1114,2256,1651
IMG_0095JPG.jpg,2256,3024,card,617,936,1404,2084
IMG_0393JPG.jpg,2256,3024,card,789,790,1295,1523
IMG_0393JPG.jpg,2256,3024,card,1401,1690,2014,2499
IMG_0393JPG.jpg,2256,3024,card,89,1675,517,2360
IMG_0393JPG.jpg,2256,3024,card,853,2,1595,460
IMG_0554JPG.jpg,2256,3024,card,307,875,1329,1908
IMG_0554JPG.jpg,2256,3024,card,1317,1320,2089,2357
IMG_0554JPG.jpg,2256,3024,card,1798,208,2250,993
IMG_0339JPG.jpg,3024,2256,card,902,268,1636,855
IMG_0339JPG.jpg,3024,2256,card,2156,1100,2561,1736
IMG_0339JPG.jpg,3024,2256,card,2329,677,2824,1143
IMG_0339JPG.jpg,3024,2256,card,2186,48,2718,548
IMG_0339JPG.jpg,3024,2256,card,1433,1250,2008,2043
IMG_0339JPG.jpg,3024,2256,card,224,1395,763,2184
IMG_0517JPG.jpg,2256,3024,card,247,1023,1250,2457
IMG_0485JPG.jpg,2256,3024,card,453,454,1498,1333
IMG_0485JPG.jpg,2256,3024,card,89,1260,807,2257
IMG_0485JPG.jpg,2256,3024,card,650,2417,1519,3024
IMG_0485JPG.jpg,2256,3024,card,1686,1611,2256,2409
IMG_0189JPG.jpg,2256,3024,card,259,1557,1041,2490
IMG_0189JPG.jpg,2256,3024,card,1265,1148,2056,2078
IMG_0189JPG.jpg,2256,3024,card,1,23,777,908
IMG_0486JPG.jpg,2256,3024,card,965,1002,1683,1984
IMG_0486JPG.jpg,2256,3024,card,1,1042,671,2090
IMG_0490JPG.jpg,2256,3024,card,535,842,2150,2466
IMG_0191JPG.jpg,2256,3024,card,817,1223,1620,2396
IMG_0134JPG.jpg,2256,3024,card,732,1305,1504,2351
IMG_0340JPG.jpg,3024,2256,card,295,911,1115,1664
IMG_0340JPG.jpg,3024,2256,card,1161,961,1740,1675
IMG_0340JPG.jpg,3024,2256,card,1613,661,2206,1273
IMG_0340JPG.jpg,3024,2256,card,2468,1264,2831,1843
IMG_0340JPG.jpg,3024,2256,card,2106,1614,2474,2214
IMG_0340JPG.jpg,3024,2256,card,1272,1739,1939,2256
IMG_0340JPG.jpg,3024,2256,card,1799,23,2372,650
IMG_0590JPG.jpg,1504,2016,card,3,98,793,1048
IMG_0590JPG.jpg,1504,2016,card,509,716,1355,1708
IMG_0108JPG.jpg,3024,2256,card,674,1,1983,1136
IMG_0544JPG.jpg,1504,2016,card,175,286,1129,1386
IMG_0112JPG.jpg,2256,3024,card,620,1342,1732,2851
IMG_0568JPG.jpg,2256,3024,card,338,433,738,914
IMG_0568JPG.jpg,2256,3024,card,1377,430,1786,923
IMG_0568JPG.jpg,2256,3024,card,1253,2069,1838,2911
IMG_0568JPG.jpg,2256,3024,card,1,1958,532,2751
IMG_0568JPG.jpg,2256,3024,card,235,1111,795,1784
IMG_0400JPG.jpg,2256,3024,card,486,1245,1332,2478
IMG_0427JPG.jpg,2256,3024,card,641,1296,1765,2417
IMG_0427JPG.jpg,2256,3024,card,774,166,1677,1133
IMG_0100JPG.jpg,3024,2256,card,163,591,1429,1541
IMG_0100JPG.jpg,3024,2256,card,1427,350,2577,1125
IMG_0152JPG.jpg,2256,3024,card,850,399,1392,1175
IMG_0152JPG.jpg,2256,3024,card,980,1566,1529,2348
IMG_0152JPG.jpg,2256,3024,card,1735,1923,2256,2760
IMG_0152JPG.jpg,2256,3024,card,1671,908,2165,1690
IMG_0152JPG.jpg,2256,3024,card,383,1720,953,2484
IMG_0152JPG.jpg,2256,3024,card,1,999,465,1781
IMG_0152JPG.jpg,2256,3024,card,41,1951,726,2781
IMG_0179JPG.jpg,2256,3024,card,620,1151,1610,2439
IMG_0179JPG.jpg,2256,3024,card,2,1,1407,905
IMG_0169JPG.jpg,2256,3024,card,629,811,2132,2611
IMG_0378JPG.jpg,2256,3024,card,141,1284,1298,3020
IMG_0518JPG.jpg,2256,3024,card,468,593,2123,2527
IMG_0334JPG.jpg,3024,2256,card,663,177,1531,834
IMG_0334JPG.jpg,3024,2256,card,1831,811,2495,1305
IMG_0334JPG.jpg,3024,2256,card,338,1548,1188,2150
IMG_0334JPG.jpg,3024,2256,card,2074,1716,2803,2256
IMG_0131JPG.jpg,2256,3024,card,256,1017,965,2023
IMG_0131JPG.jpg,2256,3024,card,798,820,1792,1936
IMG_0131JPG.jpg,2256,3024,card,1344,1445,2038,2417
IMG_0384JPG.jpg,2256,3024,card,529,1314,1417,2514
IMG_0384JPG.jpg,2256,3024,card,1604,239,2256,1315
IMG_0349JPG.jpg,3024,2256,card,256,909,1113,1477
IMG_0349JPG.jpg,3024,2256,card,1354,27,2120,752
IMG_0349JPG.jpg,3024,2256,card,1,7,802,411
IMG_0591JPG.jpg,1504,2016,card,85,562,955,1648
IMG_0558JPG.jpg,1504,2016,card,729,486,1195,920
IMG_0558JPG.jpg,1504,2016,card,203,1066,771,1686
IMG_0558JPG.jpg,1504,2016,card,765,1466,1311,2014
IMG_0092JPG.jpg,2256,3024,card,898,1033,1623,2127
IMG_0502JPG.jpg,2256,3024,card,950,1293,1880,2417
IMG_0502JPG.jpg,2256,3024,card,1,721,668,1887
IMG_0305JPG.jpg,2256,3024,card,659,1299,1468,2481
IMG_0305JPG.jpg,2256,3024,card,4,542,826,1766
IMG_0417JPG.jpg,2256,3024,card,477,1269,1465,2769
IMG_0387JPG.jpg,2256,3024,card,195,317,650,857
IMG_0387JPG.jpg,2256,3024,card,920,502,1429,1117
IMG_0387JPG.jpg,2256,3024,card,747,1133,1414,1908
IMG_0387JPG.jpg,2256,3024,card,1720,1181,2250,1969
IMG_0387JPG.jpg,2256,3024,card,14,2033,738,3024
IMG_0173JPG.jpg,2256,3024,card,144,1051,944,2223
IMG_0173JPG.jpg,2256,3024,card,977,1220,1862,2448
IMG_0093JPG.jpg,2256,3024,card,571,811,1838,2605
IMG_0307JPG.jpg,2256,3024,card,571,739,1283,1705
IMG_0307JPG.jpg,2256,3024,card,1810,560,2256,1497
IMG_0307JPG.jpg,2256,3024,card,517,2,1183,675
IMG_0307JPG.jpg,2256,3024,card,7,2096,755,3024
IMG_0611JPG.jpg,3024,2256,card,863,320,2195,1041
IMG_0611JPG.jpg,3024,2256,card,936,1609,2774,2256
IMG_0520JPG.jpg,2256,3024,card,850,860,1744,2066
IMG_0365JPG.jpg,2256,3024,card,177,78,953,905
IMG_0365JPG.jpg,2256,3024,card,529,1351,1071,2163
IMG_0365JPG.jpg,2256,3024,card,1632,1484,2256,2322
IMG_0365JPG.jpg,2256,3024,card,1498,63,2053,839
IMG_0461JPG.jpg,2268,3024,card,880,930,1829,2330
IMG_0511JPG.jpg,2256,3024,card,95,1102,1674,2857
IMG_0575JPG.jpg,2256,3024,card,541,896,923,1296
IMG_0575JPG.jpg,2256,3024,card,1183,884,1559,1302
IMG_0575JPG.jpg,2256,3024,card,1792,933,2223,1342
IMG_0575JPG.jpg,2256,3024,card,1795,1390,2214,1881
IMG_0575JPG.jpg,2256,3024,card,971,1442,1326,1957
IMG_0575JPG.jpg,2256,3024,card,74,1442,462,1930
IMG_0575JPG.jpg,2256,3024,card,1074,2369,1510,3024
IMG_0575JPG.jpg,2256,3024,card,1,2318,559,3017
IMG_0575JPG.jpg,2256,3024,card,956,323,1277,684
IMG_0575JPG.jpg,2256,3024,card,1510,366,1874,723
IMG_0575JPG.jpg,2256,3024,card,447,360,735,699
IMG_0575JPG.jpg,2256,3024,card,1,913,320,1348
IMG_0575JPG.jpg,2256,3024,card,1,3,268,266
IMG_0524JPG.jpg,2256,3024,card,295,945,1974,2793
IMG_0448JPG.jpg,2268,3024,card,1135,108,1274,272
IMG_0448JPG.jpg,2268,3024,card,1235,190,1377,375
IMG_0448JPG.jpg,2268,3024,card,1420,381,1598,563
IMG_0448JPG.jpg,2268,3024,card,1716,551,1904,742
IMG_0448JPG.jpg,2268,3024,card,1541,54,1704,263
IMG_0448JPG.jpg,2268,3024,card,1332,17,1492,190
IMG_0448JPG.jpg,2268,3024,card,1444,623,1598,805
IMG_0448JPG.jpg,2268,3024,card,1083,390,1216,578
IMG_0448JPG.jpg,2268,3024,card,1232,608,1389,766
IMG_0448JPG.jpg,2268,3024,card,1010,248,1159,402
IMG_0448JPG.jpg,2268,3024,card,907,599,1026,766
IMG_0448JPG.jpg,2268,3024,card,1050,675,1174,842
IMG_0448JPG.jpg,2268,3024,card,820,2302,920,2433
IMG_0448JPG.jpg,2268,3024,card,1004,2408,1095,2536
IMG_0448JPG.jpg,2268,3024,card,1295,2427,1383,2587
IMG_0448JPG.jpg,2268,3024,card,410,1333,492,1463
IMG_0448JPG.jpg,2268,3024,card,435,1117,526,1251
IMG_0448JPG.jpg,2268,3024,card,547,960,650,1090
IMG_0448JPG.jpg,2268,3024,card,856,823,980,981
IMG_0448JPG.jpg,2268,3024,card,426,905,513,1054
IMG_0448JPG.jpg,2268,3024,card,953,1817,1062,1972
IMG_0448JPG.jpg,2268,3024,card,841,2133,947,2269
IMG_0448JPG.jpg,2268,3024,card,704,2363,789,2478
IMG_0448JPG.jpg,2268,3024,card,562,1930,626,2051
IMG_0448JPG.jpg,2268,3024,card,468,1748,562,1872
IMG_0448JPG.jpg,2268,3024,card,495,1563,568,1699
IMG_0448JPG.jpg,2268,3024,card,377,1575,444,1684
IMG_0448JPG.jpg,2268,3024,card,544,2130,641,2260
IMG_0448JPG.jpg,2268,3024,card,707,2223,792,2333
IMG_0448JPG.jpg,2268,3024,card,374,1805,447,1917
IMG_0632JPG.jpg,2256,3024,card,668,720,1892,2666
IMG_0438JPG.jpg,2256,3024,card,1280,1020,2020,1914
IMG_0438JPG.jpg,2256,3024,card,135,1672,744,2572
IMG_0438JPG.jpg,2256,3024,card,229,1,832,548
IMG_0401JPG.jpg,2256,3024,card,826,548,1668,1796
IMG_0547JPG.jpg,1504,2016,card,589,172,887,542
IMG_0547JPG.jpg,1504,2016,card,619,812,947,1288
IMG_0547JPG.jpg,1504,2016,card,1205,744,1504,1228
IMG_0547JPG.jpg,1504,2016,card,1267,110,1504,471
IMG_0547JPG.jpg,1504,2016,card,863,1642,1266,2016
IMG_0547JPG.jpg,1504,2016,card,17,244,345,660
IMG_0604JPG.jpg,3024,2268,card,656,811,1833,1842
IMG_0595JPG.jpg,2256,3024,card,671,251,1238,1136
IMG_0595JPG.jpg,2256,3024,card,226,527,674,1336
IMG_0595JPG.jpg,2256,3024,card,301,1696,950,2642
IMG_0149JPG.jpg,1504,2016,card,173,506,659,1120
IMG_0149JPG.jpg,1504,2016,card,611,812,1041,1402
IMG_0115JPG.jpg,1504,2016,card,437,794,1011,1664
IMG_0535JPG.jpg,2256,3024,card,1,326,1629,2302
IMG_0324JPG.jpg,3024,2256,card,1079,202,2147,1259
IMG_0324JPG.jpg,3024,2256,card,365,750,1388,1900
IMG_0491JPG.jpg,2256,3024,card,462,960,1462,2436
IMG_0592JPG.jpg,2256,3024,card,1204,1002,1992,2127
IMG_0475JPG.jpg,2268,3024,card,1189,536,2095,1823
IMG_0397JPG.jpg,2256,3024,card,7,1281,947,2736
IMG_0360JPG.jpg,2256,3024,card,1047,1281,1780,2133
IMG_0360JPG.jpg,2256,3024,card,135,1739,959,2551
IMG_0360JPG.jpg,2256,3024,card,1,708,510,1596
IMG_0360JPG.jpg,2256,3024,card,331,1,992,699
IMG_0360JPG.jpg,2256,3024,card,1522,1,2074,542
IMG_0360JPG.jpg,2256,3024,card,1144,2327,1944,3024
IMG_0463JPG.jpg,2268,3024,card,223,1181,2016,2957
IMG_0129JPG.jpg,2256,3024,card,510,972,1165,1811
IMG_0306JPG.jpg,1504,2016,card,57,114,459,732
IMG_0306JPG.jpg,1504,2016,card,901,646,1383,1338
IMG_0306JPG.jpg,1504,2016,card,293,1222,969,2006
IMG_0201JPG.jpg,2256,3024,card,632,296,1107,920
IMG_0201JPG.jpg,2256,3024,card,629,1705,1068,2354
IMG_0201JPG.jpg,2256,3024,card,1420,1911,1889,2575
IMG_0519JPG.jpg,2256,3024,card,217,923,1596,3024
IMG_0120JPG.jpg,1504,2016,card,123,568,891,1338
IMG_0120JPG.jpg,1504,2016,card,673,836,1159,1538
IMG_0622JPG.jpg,2256,3024,card,1344,354,2256,1814
IMG_0622JPG.jpg,2256,3024,card,350,1002,971,2148
IMG_0622JPG.jpg,2256,3024,card,551,1,1165,596
IMG_0607JPG.jpg,2016,1512,card,474,547,843,947
IMG_0607JPG.jpg,2016,1512,card,970,830,1465,1221
IMG_0607JPG.jpg,2016,1512,card,464,2,813,341
IMG_0607JPG.jpg,2016,1512,card,73,429,313,735
IMG_0607JPG.jpg,2016,1512,card,91,6,362,318
IMG_0607JPG.jpg,2016,1512,card,997,1,1606,503
IMG_0159JPG.jpg,2256,3024,card,801,1333,1495,2390
IMG_0440JPG.jpg,2256,3024,card,553,1548,1101,2381
IMG_0440JPG.jpg,2256,3024,card,691,1,1289,681
IMG_0614JPG.jpg,3024,2256,card,1370,486,2454,1334
IMG_0141JPG.jpg,2256,3024,card,192,1363,1229,2660
IMG_0444JPG.jpg,1504,2016,card,787,356,1255,894
IMG_0444JPG.jpg,1504,2016,card,641,1080,945,1552
IMG_0444JPG.jpg,1504,2016,card,935,1700,1223,2016
IMG_0328JPG.jpg,3024,2256,card,445,432,1343,1230
IMG_0328JPG.jpg,3024,2256,card,1672,673,2318,1266
IMG_0328JPG.jpg,3024,2256,card,1618,1543,2283,2155
IMG_0328JPG.jpg,3024,2256,card,249,1377,1118,1925
IMG_0597JPG.jpg,3024,2268,card,1372,995,2543,1558
IMG_0597JPG.jpg,3024,2268,card,1827,249,2658,511
IMG_0597JPG.jpg,3024,2268,card,436,745,1274,1140
IMG_0597JPG.jpg,3024,2268,card,902,222,1606,599
IMG_0487JPG.jpg,2256,3024,card,1317,820,2159,1927
IMG_0487JPG.jpg,2256,3024,card,1,1420,653,2478
IMG_0624JPG.jpg,2256,3024,card,110,675,656,1317
IMG_0624JPG.jpg,2256,3024,card,1053,705,1595,1339
IMG_0624JPG.jpg,2256,3024,card,295,1720,968,2648
IMG_0624JPG.jpg,2256,3024,card,1438,1587,2107,2430
IMG_0624JPG.jpg,2256,3024,card,1292,48,1686,517
IMG_0624JPG.jpg,2256,3024,card,447,36,941,514
IMG_0180JPG.jpg,2256,3024,card,601,966,1583,2220
IMG_0446JPG.jpg,2256,3024,card,650,1563,1241,2430
IMG_0446JPG.jpg,2256,3024,card,697,1,1617,851
IMG_0446JPG.jpg,2256,3024,card,1810,1217,2256,2212
IMG_0130JPG.jpg,2256,3024,card,541,1172,1177,2175
IMG_0403JPG.jpg,2256,3024,card,17,917,1207,2502
IMG_0389JPG.jpg,2256,3024,card,1165,384,2256,2008
IMG_0346JPG.jpg,3024,2256,card,754,959,1511,1661
IMG_0346JPG.jpg,3024,2256,card,1618,745,2220,1300
IMG_0346JPG.jpg,3024,2256,card,1908,1207,2474,1807
IMG_0346JPG.jpg,3024,2256,card,856,1832,1549,2248
IMG_0346JPG.jpg,3024,2256,card,1,1564,554,2248
IMG_0346JPG.jpg,3024,2256,card,1,714,681,1505
IMG_0346JPG.jpg,3024,2256,card,2363,48,2713,675
IMG_0346JPG.jpg,3024,2256,card,2208,1886,2711,2252
IMG_0325JPG.jpg,3024,2256,card,795,482,1804,1561
IMG_0325JPG.jpg,3024,2256,card,1365,1111,2583,2241
IMG_0610JPG.jpg,3024,2256,card,1293,850,2052,1518
IMG_0610JPG.jpg,3024,2256,card,1,461,1029,1305
IMG_0610JPG.jpg,3024,2256,card,2397,1189,2945,1695
IMG_0610JPG.jpg,3024,2256,card,2456,25,2974,600
IMG_0560JPG.jpg,1504,2016,card,611,90,1039,616
IMG_0560JPG.jpg,1504,2016,card,939,686,1493,1326
IMG_0560JPG.jpg,1504,2016,card,299,1016,805,1660
IMG_0580JPG.jpg,1504,2016,card,441,410,1253,1552
IMG_0356JPG.jpg,2256,3024,card,189,1017,807,1751
IMG_0356JPG.jpg,2256,3024,card,1147,1242,1917,2014
IMG_0356JPG.jpg,2256,3024,card,1201,151,1901,875
IMG_0356JPG.jpg,2256,3024,card,868,1869,1638,2684
IMG_0356JPG.jpg,2256,3024,card,186,2011,847,2854
IMG_0436JPG.jpg,1504,2016,card,37,732,385,1238
IMG_0436JPG.jpg,1504,2016,card,749,798,1113,1310
IMG_0436JPG.jpg,1504,2016,card,629,1,1013,420
IMG_0436JPG.jpg,1504,2016,card,3,2,307,472
IMG_0501JPG.jpg,2256,3024,card,123,1048,1165,2336
IMG_0598JPG.jpg,3024,2268,card,1386,313,2593,1261
IMG_0598JPG.jpg,3024,2268,card,1,285,749,1047
IMG_0548JPG.jpg,2256,3024,card,883,1317,1444,2075
IMG_0548JPG.jpg,2256,3024,card,1077,308,1662,939
IMG_0548JPG.jpg,2256,3024,card,1,432,480,1111
IMG_0581JPG.jpg,2256,3024,card,189,811,998,1772
IMG_0581JPG.jpg,2256,3024,card,1056,1163,1935,2208
IMG_0581JPG.jpg,2256,3024,card,793,1,1517,539
IMG_0581JPG.jpg,2256,3024,card,1,6,414,469
IMG_0616JPG.jpg,3024,2256,card,665,309,1656,1016
IMG_0616JPG.jpg,3024,2256,card,1752,836,2418,1457
IMG_0616JPG.jpg,3024,2256,card,583,1391,1447,2084
IMG_0616JPG.jpg,3024,2256,card,1449,1795,2010,2256
IMG_0616JPG.jpg,3024,2256,card,2574,789,3024,1193
IMG_0616JPG.jpg,3024,2256,card,2386,1641,2806,2016
IMG_0616JPG.jpg,3024,2256,card,1988,1,2711,577
IMG_0163JPG.jpg,2256,3024,card,247,845,995,1960
IMG_0163JPG.jpg,2256,3024,card,1489,1093,2256,2313
IMG_0163JPG.jpg,2256,3024,card,917,223,1810,1354
IMG_0163JPG.jpg,2256,3024,card,210,1705,1080,2875
IMG_0163JPG.jpg,2256,3024,card,1614,2,2256,818
IMG_0510JPG.jpg,2256,3024,card,401,708,1980,2448
IMG_0552JPG.jpg,2256,3024,card,856,699,1389,1293
IMG_0552JPG.jpg,2256,3024,card,101,693,520,1193
IMG_0552JPG.jpg,2256,3024,card,1480,842,1941,1439
IMG_0552JPG.jpg,2256,3024,card,604,1560,1232,2260
IMG_0552JPG.jpg,2256,3024,card,1,1474,565,2127
IMG_0552JPG.jpg,2256,3024,card,1532,1636,2183,2351
IMG_0552JPG.jpg,2256,3024,card,1656,51,2035,520
IMG_0552JPG.jpg,2256,3024,card,883,1,1332,399
IMG_0515JPG.jpg,2256,3024,card,104,190,2256,3013
IMG_0471JPG.jpg,2268,3024,card,601,842,1426,1939
IMG_0471JPG.jpg,2268,3024,card,1538,2136,2268,3006
IMG_0415JPG.jpg,2256,3024,card,586,1245,1365,2345
IMG_0139JPG.jpg,2256,3024,card,589,1163,1701,2693
IMG_0303JPG.jpg,2256,3024,card,350,1248,1241,2557
IMG_0303JPG.jpg,2256,3024,card,1320,2,2141,1036
IMG_0315JPG.jpg,3024,2256,card,204,875,1015,1389
IMG_0315JPG.jpg,3024,2256,card,1688,402,2399,1102
IMG_0315JPG.jpg,3024,2256,card,1783,1507,2490,2136
IMG_0315JPG.jpg,3024,2256,card,502,1573,1412,2256
IMG_0315JPG.jpg,3024,2256,card,2620,389,3024,843
IMG_0320JPG.jpg,3024,2256,card,643,368,1772,1095
IMG_0188JPG.jpg,1504,2016,card,397,386,905,1076
IMG_0188JPG.jpg,1504,2016,card,613,1464,1231,1882
IMG_0332JPG.jpg,3024,2256,card,540,620,1513,1295
IMG_0332JPG.jpg,3024,2256,card,1718,1132,2502,2036
IMG_0332JPG.jpg,3024,2256,card,2481,757,3024,1564
IMG_0395JPG.jpg,2256,3024,card,56,833,1498,2627
IMG_0630JPG.jpg,2256,3024,card,23,645,1265,2375
IMG_0132JPG.jpg,2256,3024,card,592,1136,1507,2436
IMG_0200JPG.jpg,1504,2016,card,403,734,1051,1672
IMG_0127JPG.jpg,2256,3024,card,686,1011,1314,1811
IMG_0127JPG.jpg,2256,3024,card,1120,1427,1962,2263
IMG_0127JPG.jpg,2256,3024,card,1,1001,720,1899
IMG_0468JPG.jpg,2268,3024,card,580,781,1704,1733
IMG_0368JPG.jpg,2256,3024,card,229,1390,1435,2630
IMG_0634JPG.jpg,1504,2016,card,21,682,939,2016
IMG_0495JPG.jpg,1504,2016,card,311,712,1251,1768
IMG_0094JPG.jpg,2016,1512,card,653,627,1356,1099
IMG_0414JPG.jpg,2256,3024,card,7,1017,1114,2681
IMG_0199JPG.jpg,2256,3024,card,671,927,1707,2445
IMG_0583JPG.jpg,2256,3024,card,753,717,1356,1372
IMG_0583JPG.jpg,2256,3024,card,1641,914,2065,1560
IMG_0583JPG.jpg,2256,3024,card,301,1614,983,2448
IMG_0583JPG.jpg,2256,3024,card,1032,1905,1677,2745
IMG_0583JPG.jpg,2256,3024,card,1,676,432,1254
IMG_0583JPG.jpg,2256,3024,card,864,1,1353,517
IMG_0583JPG.jpg,2256,3024,card,1562,217,1974,769
IMG_0583JPG.jpg,2256,3024,card,180,1,804,387
IMG_0449JPG.jpg,2268,3024,card,1153,614,2232,2008
IMG_0467JPG.jpg,2268,3024,card,944,369,1877,1678
IMG_0347JPG.jpg,3024,2256,card,747,573,1336,1250
IMG_0347JPG.jpg,3024,2256,card,1540,830,2149,1318
IMG_0347JPG.jpg,3024,2256,card,2415,523,2977,1166
IMG_0347JPG.jpg,3024,2256,card,1554,1482,2097,1839
IMG_0347JPG.jpg,3024,2256,card,374,1255,1077,1852
IMG_0347JPG.jpg,3024,2256,card,81,55,806,543
IMG_0347JPG.jpg,3024,2256,card,2513,1480,3006,2039
IMG_0621JPG.jpg,2256,3024,card,635,599,1483,1702
IMG_0621JPG.jpg,2256,3024,card,162,2078,993,3024
IMG_0621JPG.jpg,2256,3024,card,1689,2072,2255,3024
IMG_0323JPG.jpg,3024,2256,card,729,205,1729,820
IMG_0323JPG.jpg,3024,2256,card,502,995,1643,1916
IMG_0344JPG.jpg,3024,2256,card,804,241,1622,1286
IMG_0344JPG.jpg,3024,2256,card,2043,152,2849,902
IMG_0344JPG.jpg,3024,2256,card,1806,1609,2581,2232
IMG_0437JPG.jpg,2256,3024,card,562,757,1501,2175
IMG_0549JPG.jpg,1504,2016,card,385,210,723,632
IMG_0549JPG.jpg,1504,2016,card,895,220,1321,682
IMG_0549JPG.jpg,1504,2016,card,769,836,1145,1358
IMG_0549JPG.jpg,1504,2016,card,511,1572,1023,2016
IMG_0549JPG.jpg,1504,2016,card,3,782,215,1298
IMG_0619JPG.jpg,2016,1504,card,630,271,1244,658
IMG_0619JPG.jpg,2016,1504,card,1371,429,1992,844
IMG_0619JPG.jpg,2016,1504,card,752,858,1533,1392
IMG_0619JPG.jpg,2016,1504,card,1201,10,1636,228
IMG_0151JPG.jpg,2256,3024,card,86,1084,847,2030
IMG_0151JPG.jpg,2256,3024,card,335,202,1010,1087
IMG_0151JPG.jpg,2256,3024,card,1462,739,2029,1566
IMG_0151JPG.jpg,2256,3024,card,547,2123,1362,3024
IMG_0546JPG.jpg,2256,3024,card,80,569,953,1805
IMG_0546JPG.jpg,2256,3024,card,1565,339,2256,1431
IMG_0343JPG.jpg,3024,2256,card,1356,539,2304,1455
IMG_0343JPG.jpg,3024,2256,card,1261,1548,2199,2234
IMG_0343JPG.jpg,3024,2256,card,1,98,1002,855
IMG_0343JPG.jpg,3024,2256,card,2379,793,3024,1623
IMG_0550JPG.jpg,2256,3024,card,744,1314,1110,1854
IMG_0550JPG.jpg,2256,3024,card,1726,1254,2204,1839
IMG_0550JPG.jpg,2256,3024,card,1210,636,1559,1102
IMG_0550JPG.jpg,2256,3024,card,1747,578,2253,1087
IMG_0550JPG.jpg,2256,3024,card,1,611,241,1075
IMG_0550JPG.jpg,2256,3024,card,720,2072,1223,2805
IMG_0550JPG.jpg,2256,3024,card,859,120,1186,508
IMG_0550JPG.jpg,2256,3024,card,1647,2072,2153,2851
IMG_0550JPG.jpg,2256,3024,card,1317,2,1777,442
IMG_0550JPG.jpg,2256,3024,card,526,660,1007,1160
IMG_0506JPG.jpg,1504,2016,card,139,492,1465,1906
IMG_0137JPG.jpg,2256,3024,card,553,936,1647,2545
IMG_0342JPG.jpg,3024,2256,card,483,784,1452,1609
IMG_0342JPG.jpg,3024,2256,card,703,1,1699,845
IMG_0342JPG.jpg,3024,2256,card,1865,1202,2529,1770
IMG_0342JPG.jpg,3024,2256,card,2075,1,2770,864
IMG_0342JPG.jpg,3024,2256,card,118,1764,979,2248
IMG_0155JPG.jpg,1504,2016,card,65,690,579,1404
IMG_0155JPG.jpg,1504,2016,card,591,586,1025,1280
IMG_0155JPG.jpg,1504,2016,card,837,184,1261,884
IMG_0155JPG.jpg,1504,2016,card,505,1234,1281,1960
IMG_0514JPG.jpg,2256,3024,card,180,954,1059,2154
IMG_0402JPG.jpg,2256,3024,card,198,1348,1459,2684
IMG_0106JPG.jpg,3024,2256,card,774,659,2240,1705
IMG_0156JPG.jpg,2256,3024,card,271,1211,904,2066
IMG_0156JPG.jpg,2256,3024,card,817,1805,1753,2714
IMG_0156JPG.jpg,2256,3024,card,862,1051,1486,1890
IMG_0156JPG.jpg,2256,3024,card,1174,551,1735,1399
IMG_0379JPG.jpg,2256,3024,card,59,1187,1089,2678
